plastic surgery in houston,140
plastic surgery in nyc,110
plumber charleston sc,110
plumbers huntington beach ca,110
plumbers lubbock tx,140
plumbers st petersburg fl,110
plumbers vancouver wa,260
plumbing oakland ca,110
real estate attorney atlanta,170
workplace harassment lawyers,70
car storage nyc,140
watch repair seattle,480
villas in orlando florida,480
plumbing rochester ny,210
tires portland,590
sell gold austin,70
restaurant equipment nyc,210
restaurant equipment miami,210
rental car nyc,880
plastic surgeons raleigh nc,140
modern furniture nj,320
hot tubs austin,210
hardin county attorney,170
glass repair denver,210
gift baskets nyc,390
employment lawyers orlando,110
patoka lake real estate,90
emergency vet dallas,210
electricians san antonio,170
easton pa real estate,390
dog boarding boston,210
divorce lawyers in georgia,170
corolla nc rentals,90
cooking classes miami,590
chimney sweep dallas,320
cape may point real estate,140
breast augmentation dallas tx,140
bed and breakfast nj,1600